{
 "RBNC": {
  "x": 0.0,
  "y": 0.0,
  "w": 31.42,
  "h": 24.65
 },
 "RBPC": {
  "x": 34.42,
  "y": 0.0,
  "w": 10.63,
  "h": 28.53
 },
 "RB": {
  "x": 0.0,
  "y": 31.53,
  "w": 3.07,
  "h": 24.7
 },
 "RNB1": {
  "x": 6.07,
  "y": 31.53,
  "w": 3.07,
  "h": 9.06
 },
 "RNB2": {
  "x": 12.14,
  "y": 31.53,
  "w": 3.07,
  "h": 9.06
 },
 "M1": {
  "x": 0.0,
  "y": 59.230000000000004,
  "w": 4.59,
  "h": 7.58
 },
 "M2": {
  "x": 7.59,
  "y": 59.230000000000004,
  "w": 12.33,
  "h": 7.58
 },
 "SW": {
  "x": 22.92,
  "y": 59.230000000000004,
  "w": 3.59,
  "h": 7.58
 },
 "IP": {
  "x": 0.0,
  "y": 69.81,
  "w": 51.03,
  "h": 7.58
 },
 "IPC": {
  "x": 54.03,
  "y": 69.81,
  "w": 32.03,
  "h": 7.58
 },
 "IN": {
  "x": 0.0,
  "y": 80.39,
  "w": 46.15,
  "h": 7.97
 },
 "INC": {
  "x": 49.15,
  "y": 80.39,
  "w": 29.15,
  "h": 7.97
 },
 "MP1": {
  "x": 0.0,
  "y": 91.36,
  "w": 4.87,
  "h": 7.97
 },
 "MP2": {
  "x": 7.87,
  "y": 91.36,
  "w": 4.87,
  "h": 7.97
 },
 "VN": {
  "x": 15.74,
  "y": 91.36,
  "w": 4.87,
  "h": 7.97
 },
 "VP": {
  "x": 23.61,
  "y": 91.36,
  "w": 4.87,
  "h": 7.97
 },
 "FD": {
  "x": 31.48,
  "y": 91.36,
  "w": 4.58,
  "h": 7.97
 },
 "ST": {
  "x": 0.0,
  "y": 102.33,
  "w": 52.58,
  "h": 7.97
 }
}