{
 "3": {
  "x": 0.0,
  "y": 0.0,
  "w": 9.75,
  "h": 7.58
 },
 "4": {
  "x": 12.75,
  "y": 0.0,
  "w": 9.75,
  "h": 7.58
 },
 "1": {
  "x": 0.0,
  "y": 10.58,
  "w": 11.77,
  "h": 7.97
 },
 "2": {
  "x": 14.77,
  "y": 10.58,
  "w": 11.77,
  "h": 7.97
 },
 "TA": {
  "x": 0.0,
  "y": 21.549999999999997,
  "w": 43.57,
  "h": 7.97
 },
 "TB": {
  "x": 0.0,
  "y": 32.519999999999996,
  "w": 43.57,
  "h": 7.97
 }
}