{
 "R1": {
  "x": 0.0,
  "y": 0.0,
  "w": 2.8,
  "h": 7.58
 },
 "R2": {
  "x": 5.8,
  "y": 0.0,
  "w": 2.8,
  "h": 7.58
 },
 "5": {
  "x": 11.6,
  "y": 0.0,
  "w": 2.8,
  "h": 7.58
 },
 "6": {
  "x": 17.4,
  "y": 0.0,
  "w": 2.8,
  "h": 7.58
 },
 "I1N": {
  "x": 23.2,
  "y": 0.0,
  "w": 2.8,
  "h": 7.58
 },
 "I2N": {
  "x": 29.0,
  "y": 0.0,
  "w": 2.8,
  "h": 7.58
 },
 "AQ3": {
  "x": 34.8,
  "y": 0.0,
  "w": 2.8,
  "h": 7.58
 },
 "AQ4": {
  "x": 40.599999999999994,
  "y": 0.0,
  "w": 2.8,
  "h": 7.58
 },
 "AB3": {
  "x": 46.39999999999999,
  "y": 0.0,
  "w": 2.8,
  "h": 7.58
 },
 "AB4": {
  "x": 52.19999999999999,
  "y": 0.0,
  "w": 2.8,
  "h": 7.58
 },
 "R3": {
  "x": 57.999999999999986,
  "y": 0.0,
  "w": 2.8,
  "h": 7.58
 },
 "R4": {
  "x": 63.79999999999998,
  "y": 0.0,
  "w": 2.8,
  "h": 7.58
 },
 "T": {
  "x": 0.0,
  "y": 10.58,
  "w": 3.87,
  "h": 7.97
 },
 "1": {
  "x": 6.87,
  "y": 10.58,
  "w": 3.87,
  "h": 7.97
 },
 "2": {
  "x": 13.74,
  "y": 10.58,
  "w": 3.87,
  "h": 7.97
 },
 "3": {
  "x": 20.61,
  "y": 10.58,
  "w": 3.08,
  "h": 7.97
 },
 "4": {
  "x": 26.689999999999998,
  "y": 10.58,
  "w": 3.08,
  "h": 7.97
 },
 "I1P": {
  "x": 32.769999999999996,
  "y": 10.58,
  "w": 3.08,
  "h": 7.97
 },
 "I2P": {
  "x": 38.849999999999994,
  "y": 10.58,
  "w": 3.08,
  "h": 7.97
 },
 "AQ1": {
  "x": 44.92999999999999,
  "y": 10.58,
  "w": 3.08,
  "h": 7.97
 },
 "AQ2": {
  "x": 51.00999999999999,
  "y": 10.58,
  "w": 3.08,
  "h": 7.97
 },
 "AB1": {
  "x": 57.08999999999999,
  "y": 10.58,
  "w": 3.08,
  "h": 7.97
 },
 "AB2": {
  "x": 63.16999999999999,
  "y": 10.58,
  "w": 3.08,
  "h": 7.97
 }
}