{
 "ICN": {
  "x": 0.0,
  "y": 0.0,
  "w": 2.8,
  "h": 7.58
 },
 "TMN": {
  "x": 5.8,
  "y": 0.0,
  "w": 2.8,
  "h": 7.58
 },
 "IM1N": {
  "x": 11.6,
  "y": 0.0,
  "w": 2.8,
  "h": 7.58
 },
 "IM2N": {
  "x": 17.4,
  "y": 0.0,
  "w": 2.8,
  "h": 7.58
 },
 "TMFN": {
  "x": 23.2,
  "y": 0.0,
  "w": 2.8,
  "h": 7.58
 },
 "TSN": {
  "x": 29.0,
  "y": 0.0,
  "w": 2.8,
  "h": 7.58
 },
 "IS1N": {
  "x": 34.8,
  "y": 0.0,
  "w": 2.8,
  "h": 7.58
 },
 "IS2N": {
  "x": 40.599999999999994,
  "y": 0.0,
  "w": 2.8,
  "h": 7.58
 },
 "TSFN": {
  "x": 46.39999999999999,
  "y": 0.0,
  "w": 2.8,
  "h": 7.58
 },
 "IQ1N": {
  "x": 52.19999999999999,
  "y": 0.0,
  "w": 2.8,
  "h": 7.58
 },
 "ICP": {
  "x": 0.0,
  "y": 10.58,
  "w": 3.08,
  "h": 7.97
 },
 "TMP": {
  "x": 6.08,
  "y": 10.58,
  "w": 3.08,
  "h": 7.97
 },
 "IM1P": {
  "x": 12.16,
  "y": 10.58,
  "w": 3.08,
  "h": 7.97
 },
 "IM2P": {
  "x": 18.240000000000002,
  "y": 10.58,
  "w": 3.08,
  "h": 7.97
 },
 "TMFP": {
  "x": 24.32,
  "y": 10.58,
  "w": 3.08,
  "h": 7.97
 },
 "TSP": {
  "x": 30.4,
  "y": 10.58,
  "w": 3.08,
  "h": 7.97
 },
 "IS1P": {
  "x": 36.48,
  "y": 10.58,
  "w": 3.08,
  "h": 7.97
 },
 "IS2P": {
  "x": 42.559999999999995,
  "y": 10.58,
  "w": 3.08,
  "h": 7.97
 },
 "TSFP": {
  "x": 48.63999999999999,
  "y": 10.58,
  "w": 3.08,
  "h": 7.97
 },
 "IQ1P": {
  "x": 54.71999999999999,
  "y": 10.58,
  "w": 3.08,
  "h": 7.97
 }
}