{
 "IN": {
  "x": 0.0,
  "y": 0.0,
  "w": 2.31,
  "h": 7.1
 },
 "N1": {
  "x": 5.3100000000000005,
  "y": 0.0,
  "w": 8.33,
  "h": 7.58
 },
 "N2": {
  "x": 16.64,
  "y": 0.0,
  "w": 8.33,
  "h": 7.58
 },
 "B1N": {
  "x": 27.97,
  "y": 0.0,
  "w": 3.59,
  "h": 7.58
 },
 "B2N": {
  "x": 34.56,
  "y": 0.0,
  "w": 3.59,
  "h": 7.58
 },
 "IP": {
  "x": 0.0,
  "y": 10.58,
  "w": 2.31,
  "h": 12.19
 },
 "P1": {
  "x": 5.3100000000000005,
  "y": 10.58,
  "w": 3.87,
  "h": 7.97
 },
 "P2": {
  "x": 12.18,
  "y": 10.58,
  "w": 3.87,
  "h": 7.97
 },
 "B1P": {
  "x": 19.05,
  "y": 10.58,
  "w": 3.87,
  "h": 7.97
 },
 "B2P": {
  "x": 25.92,
  "y": 10.58,
  "w": 3.87,
  "h": 7.97
 }
}