{
 "M3": {
  "x": 0.0,
  "y": 0.0,
  "w": 37.77,
  "h": 7.58
 },
 "M4": {
  "x": 40.77,
  "y": 0.0,
  "w": 37.77,
  "h": 7.58
 },
 "MDN": {
  "x": 81.54,
  "y": 0.0,
  "w": 37.77,
  "h": 7.58
 },
 "M5": {
  "x": 0.0,
  "y": 10.58,
  "w": 32.97,
  "h": 7.58
 },
 "M6": {
  "x": 35.97,
  "y": 10.58,
  "w": 32.97,
  "h": 7.58
 },
 "M7": {
  "x": 0.0,
  "y": 21.16,
  "w": 14.17,
  "h": 7.97
 },
 "M8": {
  "x": 17.17,
  "y": 21.16,
  "w": 14.17,
  "h": 7.97
 },
 "M9": {
  "x": 0.0,
  "y": 32.129999999999995,
  "w": 14.17,
  "h": 7.97
 },
 "M10": {
  "x": 17.17,
  "y": 32.129999999999995,
  "w": 14.17,
  "h": 7.97
 },
 "M1": {
  "x": 0.0,
  "y": 43.099999999999994,
  "w": 51.79,
  "h": 7.97
 },
 "M2": {
  "x": 54.79,
  "y": 43.099999999999994,
  "w": 51.79,
  "h": 7.97
 },
 "MT": {
  "x": 0.0,
  "y": 54.06999999999999,
  "w": 100.33,
  "h": 7.97
 },
 "MDP": {
  "x": 103.33,
  "y": 54.06999999999999,
  "w": 100.33,
  "h": 7.97
 }
}